,Country Code,Country Name,2017,2017 AID,Per Capita
0,ABW,Aruba,105366,,$0.00
1,AFG,Afghanistan,36296400,1941846670,$53.50
2,AGO,Angola,29816748,93052795,$3.12
3,ALB,Albania,2873457,12019217,$4.18
4,AND,Andorra,77001,,$0.00
5,ARB,Arab World,411898967,,$0.00
6,ARE,United Arab Emirates,9487203,74904,$0.01
7,ARG,Argentina,44044811,3839420,$0.09
8,ARM,Armenia,2944809,30998753,$10.53
9,ASM,American Samoa,55620,,$0.00
10,ATG,Antigua and Barbuda,95426,141122,$1.48
11,AUS,Australia,24601860,,$0.00
12,AUT,Austria,8797566,,$0.00
13,AZE,Azerbaijan,9854033,12434664,$1.26
14,BDI,Burundi,10827024,90378243,$8.35
15,BEL,Belgium,11375158,9491,$0.00
16,BEN,Benin,11175204,144779990,$12.96
17,BFA,Burkina Faso,19193284,125780933,$6.55
18,BGD,Bangladesh,159670593,351737543,$2.20
19,BGR,Bulgaria,7075947,816198,$0.12
20,BHR,Bahrain,1494074,106629,$0.07
21,BHS,"Bahamas, The",381761,51414,$0.13
22,BIH,Bosnia and Herzegovina,3351527,57393009,$17.12
23,BLR,Belarus,9498264,8862083,$0.93
24,BLZ,Belize,375769,24894,$0.07
25,BMU,Bermuda,63873,,$0.00
26,BOL,Bolivia,11192854,1906345,$0.17
27,BRA,Brazil,207833831,25442381,$0.12
28,BRB,Barbados,286233,69468,$0.24
29,BRN,Brunei Darussalam,424473,,$0.00
30,BTN,Bhutan,745568,632551,$0.85
31,BWA,Botswana,2205128,26224158,$11.89
32,CAF,Central African Republic,4596028,70401822,$15.32
33,CAN,Canada,36543321,39031240,$1.07
34,CEB,Central Europe and the Baltics,102738653,,$0.00
35,CHE,Switzerland,8451840,5216,$0.00
36,CHI,Channel Islands,168665,,$0.00
37,CHL,Chile,18470439,633330,$0.03
38,CHN,China,1386395000,31879166,$0.02
39,CIV,Cote d'Ivoire,24437469,127733553,$5.23
40,CMR,Cameroon,24566045,49021118,$2.00
41,COD,"Congo, Dem. Rep.",81398764,641983591,$7.89
42,COG,"Congo, Rep.",5110702,31506604,$6.16
43,COL,Colombia,48901066,358782267,$7.34
44,COM,Comoros,813892,233661,$0.29
45,CPV,Cabo Verde,537497,358084,$0.67
46,CRI,Costa Rica,4949954,2584561,$0.52
47,CSS,Caribbean small states,7314990,,$0.00
48,CUB,Cuba,11339259,1486566,$0.13
49,CUW,Curacao,160175,,$0.00
50,CYM,Cayman Islands,63382,,$0.00
51,CYP,Cyprus,1179680,,$0.00
52,CZE,Czech Republic,10594438,469409,$0.04
53,DEU,Germany,82657002,,$0.00
54,DJI,Djibouti,944097,20407407,$21.62
55,DMA,Dominica,71458,-634,-$0.01
56,DNK,Denmark,5764980,,$0.00
57,DOM,Dominican Republic,10513131,62803642,$5.97
58,DZA,Algeria,41389198,3326003,$0.08
59,EAP,East Asia & Pacific (excluding high income),2068142784,,$0.00
60,EAR,Early-demographic dividend,3206361023,,$0.00
61,EAS,East Asia & Pacific,2314097713,,$0.00
62,ECA,Europe & Central Asia (excluding high income),395289709,,$0.00
63,ECS,Europe & Central Asia,914585461,,$0.00
64,ECU,Ecuador,16785361,10357054,$0.62
65,EGY,"Egypt, Arab Rep.",96442593,199564157,$2.07
66,EMU,Euro area,341163597,,$0.00
67,ERI,Eritrea,,,#DIV/0!
68,ESP,Spain,46593236,218428,$0.00
69,EST,Estonia,1317384,,$0.00
70,ETH,Ethiopia,106400024,1151095650,$10.82
71,EUU,European Union,446131273,,$0.00
72,FCS,Fragile and conflict affected situations,763578047,,$0.00
73,FIN,Finland,5508214,,$0.00
74,FJI,Fiji,877459,1141739,$1.30
75,FRA,France,66864379,95968,$0.00
76,FRO,Faroe Islands,48331,,$0.00
77,FSM,"Micronesia, Fed. Sts.",111459,232092420,"$2,082.31"
78,GAB,Gabon,2064823,1484644,$0.72
79,GBR,United Kingdom,66058859,34260520,$0.52
80,GEO,Georgia,3728004,80807126,$21.68
81,GHA,Ghana,29121471,364156323,$12.50
82,GIB,Gibraltar,33728,,$0.00
83,GIN,Guinea,12067539,114865531,$9.52
84,GMB,"Gambia, The",2213894,20093588,$9.08
85,GNB,Guinea-Bissau,1828146,10517784,$5.75
86,GNQ,Equatorial Guinea,1262001,3400738,$2.69
87,GRC,Greece,10754679,643552,$0.06
88,GRD,Grenada,110874,,$0.00
89,GRL,Greenland,56172,,$0.00
90,GTM,Guatemala,16087418,366110544,$22.76
91,GUM,Guam,164281,,$0.00
92,GUY,Guyana,775221,1229553,$1.59
93,HIC,High income,1225031047,,$0.00
94,HKG,"Hong Kong SAR, China",7391700,590662,$0.08
95,HND,Honduras,9429013,199444141,$21.15
96,HPC,Heavily indebted poor countries (HIPC),759106221,,$0.00
97,HRV,Croatia,4124531,1558709,$0.38
98,HTI,Haiti,10982366,425118423,$38.71
99,HUN,Hungary,9787966,134367,$0.01
100,IBD,IBRD only,4736161411,,$0.00
101,IBT,IDA & IBRD total,6333378175,,$0.00
102,IDA,IDA total,1597216764,,$0.00
103,IDB,IDA blend,536862922,,$0.00
104,IDN,Indonesia,264645886,278812485,$1.05
105,IDX,IDA only,1060353842,,$0.00
106,IMN,Isle of Man,83598,,$0.00
107,IND,India,1338658835,140717155,$0.11
108,INX,Not classified,,,#DIV/0!
109,IRL,Ireland,4807388,803077,$0.17
110,IRN,"Iran, Islamic Rep.",80673951,,$0.00
111,IRQ,Iraq,37552781,863206120,$22.99
112,ISL,Iceland,343400,25538,$0.07
113,ISR,Israel,8713300,42661823,$4.90
114,ITA,Italy,60536709,222823,$0.00
115,JAM,Jamaica,2920853,33836628,$11.58
116,JOR,Jordan,9779173,394533755,$40.34
117,JPN,Japan,126785797,186617,$0.00
118,KAZ,Kazakhstan,18037776,16998242,$0.94
119,KEN,Kenya,50221473,1100027633,$21.90
120,KGZ,Kyrgyz Republic,6198200,96893072,$15.63
121,KHM,Cambodia,16009414,147823910,$9.23
122,KIR,Kiribati,114158,,$0.00
123,KNA,St. Kitts and Nevis,52045,556633,$10.70
124,KOR,"Korea, Rep.",51361911,,$0.00
125,KWT,Kuwait,4056099,,$0.00
126,LAC,Latin America & Caribbean (excluding high income),602426586,,$0.00
127,LAO,Lao PDR,6953035,101674101,$14.62
128,LBN,Lebanon,6811873,233697555,$34.31
129,LBR,Liberia,4702228,309802422,$65.88
130,LBY,Libya,6580724,101130049,$15.37
131,LCA,St. Lucia,180955,26245,$0.15
132,LCN,Latin America & Caribbean,634545282,,$0.00
133,LDC,Least developed countries: UN classification,986365080,,$0.00
134,LIC,Low income,634796692,,$0.00
135,LIE,Liechtenstein,37800,,$0.00
136,LKA,Sri Lanka,21444000,75206902,$3.51
137,LMC,Lower middle income,2831466703,,$0.00
138,LMY,Low & middle income,6284034658,,$0.00
139,LSO,Lesotho,2091412,72001321,$34.43
140,LTE,Late-demographic dividend,2275525382,,$0.00
141,LTU,Lithuania,2828403,,$0.00
142,LUX,Luxembourg,596336,,$0.00
143,LVA,Latvia,1942248,,$0.00
144,MAC,"Macao SAR, China",622585,,$0.00
145,MAF,St. Martin (French part),36560,,$0.00
146,MAR,Morocco,35581294,50821612,$1.43
147,MCO,Monaco,38392,,$0.00
148,MDA,Moldova,2755158,46011783,$16.70
149,MDG,Madagascar,25570540,161661442,$6.32
150,MDV,Maldives,496402,,$0.00
151,MEA,Middle East & North Africa,441255236,,$0.00
152,MEX,Mexico,124777324,115458535,$0.93
153,MHL,Marshall Islands,58058,136338141,"$2,348.31"
154,MIC,Middle income,5649237966,,$0.00
155,MKD,North Macedonia,2081996,,$0.00
156,MLI,Mali,18512394,386535255,$20.88
157,MLT,Malta,467999,,$0.00
158,MMR,Myanmar,53382581,223342235,$4.18
159,MNA,Middle East & North Africa (excluding high income),376546755,,$0.00
160,MNE,Montenegro,622373,1213462,$1.95
161,MNG,Mongolia,3113779,4960858,$1.59
162,MNP,Northern Mariana Islands,56562,,$0.00
163,MOZ,Mozambique,28649007,486003721,$16.96
164,MRT,Mauritania,4282574,5198559,$1.21
165,MUS,Mauritius,1264613,,$0.00
166,MWI,Malawi,17670260,500497036,$28.32
167,MYS,Malaysia,31105028,3345007,$0.11
168,NAC,North America,361592733,,$0.00
169,NAM,Namibia,2402603,48375614,$20.13
170,NCL,New Caledonia,280350,,$0.00
171,NER,Niger,21602472,123687381,$5.73
172,NGA,Nigeria,190873311,1086937596,$5.69
173,NIC,Nicaragua,6384855,75389733,$11.81
174,NLD,Netherlands,17131296,,$0.00
175,NOR,Norway,5276968,,$0.00
176,NPL,Nepal,27627124,288033096,$10.43
177,NRU,Nauru,12876,,$0.00
178,NZL,New Zealand,4793900,,$0.00
179,OED,OECD members,1344863242,,$0.00
180,OMN,Oman,4665935,616979,$0.13
181,OSS,Other small states,30148800,,$0.00
182,PAK,Pakistan,207896686,913140264,$4.39
183,PAN,Panama,4106771,1077391,$0.26
184,PER,Peru,31444297,68037040,$2.16
185,PHL,Philippines,105173264,230302473,$2.19
186,PLW,Palau,17808,18680778,"$1,049.01"
187,PNG,Papua New Guinea,8438029,16259168,$1.93
188,POL,Poland,37974826,,$0.00
189,PRE,Pre-demographic dividend,894512725,,$0.00
190,PRI,Puerto Rico,3325286,,$0.00
191,PRK,"Korea, Dem. People’s Rep.",25429985,,$0.00
192,PRT,Portugal,10300300,215162,$0.02
193,PRY,Paraguay,6867062,12819783,$1.87
194,PSE,West Bank and Gaza,4454805,362809570,$81.44
195,PSS,Pacific island small states,2422086,,$0.00
196,PST,Post-demographic dividend,1105771602,,$0.00
197,PYF,French Polynesia,276103,,$0.00
198,QAT,Qatar,2724724,,$0.00
199,ROU,Romania,19587290,,$0.00
200,RUS,Russian Federation,144496740,331404714,$2.29
201,RWA,Rwanda,11980937,188316231,$15.72
202,SAS,South Asia,1792835608,,$0.00
203,SAU,Saudi Arabia,33099147,22974,$0.00
204,SDN,Sudan,40813396,,$0.00
205,SEN,Senegal,15419381,241478994,$15.66
206,SGP,Singapore,5612253,315441,$0.06
207,SLB,Solomon Islands,636038,1493310,$2.35
208,SLE,Sierra Leone,7488431,107523246,$14.36
209,SLV,El Salvador,6388122,144642298,$22.64
210,SMR,San Marino,33671,,$0.00
211,SOM,Somalia,14589119,451062587,$30.92
212,SRB,Serbia,7020858,14741047,$2.10
213,SSA,Sub-Saharan Africa (excluding high income),1048793216,,$0.00
214,SSD,South Sudan,10910759,,$0.00
215,SSF,Sub-Saharan Africa,1050153672,,$0.00
216,SST,Small states,39885876,,$0.00
217,STP,Sao Tome and Principe,207089,139531,$0.67
218,SUR,Suriname,570496,,$0.00
219,SVK,Slovak Republic,5439232,,$0.00
220,SVN,Slovenia,2066388,,$0.00
221,SWE,Sweden,10057698,,$0.00
222,SWZ,Eswatini,1124753,,$0.00
223,SXM,Sint Maarten (Dutch part),40574,,$0.00
224,SYC,Seychelles,95843,,$0.00
225,SYR,Syrian Arab Republic,17068002,1195373986,$70.04
226,TCA,Turks and Caicos Islands,37115,,$0.00
227,TCD,Chad,15016773,48123069,$3.20
228,TEA,East Asia & Pacific (IDA & IBRD countries),2042687863,,$0.00
229,TEC,Europe & Central Asia (IDA & IBRD countries),456976356,,$0.00
230,TGO,Togo,7698475,2039263,$0.26
231,THA,Thailand,69209858,18196934,$0.26
232,TJK,Tajikistan,8880268,53816416,$6.06
233,TKM,Turkmenistan,5757669,4289944,$0.75
234,TLA,Latin America & the Caribbean (IDA & IBRD countries),618632726,,$0.00
235,TLS,Timor-Leste,1243261,27569292,$22.17
236,TMN,Middle East & North Africa (IDA & IBRD countries),372091950,,$0.00
237,TON,Tonga,101998,454969,$4.46
238,TSA,South Asia (IDA & IBRD),1792835608,,$0.00
239,TSS,Sub-Saharan Africa (IDA & IBRD countries),1050153672,,$0.00
240,TTO,Trinidad and Tobago,1384072,18704,$0.01
241,TUN,Tunisia,11433443,73363011,$6.42
242,TUR,Turkey,81101892,3576560,$0.04
243,TUV,Tuvalu,11370,-232,-$0.02
244,TZA,Tanzania,54663906,757156143,$13.85
245,UGA,Uganda,41162465,723008848,$17.56
246,UKR,Ukraine,44831135,314214907,$7.01
247,UMC,Upper middle income,2817771263,,$0.00
248,URY,Uruguay,3436646,348153,$0.10
249,USA,United States,324985539,,$0.00
250,UZB,Uzbekistan,32388600,18253457,$0.56
251,VCT,St. Vincent and the Grenadines,109827,,$0.00
252,VEN,"Venezuela, RB",29390409,9276967,$0.32
253,VGB,British Virgin Islands,29577,,$0.00
254,VIR,Virgin Islands (U.S.),107268,,$0.00
255,VNM,Vietnam,94596642,176609768,$1.87
256,VUT,Vanuatu,285510,1737113,$6.08
257,WLD,World,7509065705,,$0.00
258,WSM,Samoa,195352,428330,$2.19
259,XKX,Kosovo,1791003,,$0.00
260,YEM,"Yemen, Rep.",27834821,496441050,$17.84
261,ZAF,South Africa,57000451,668503547,$11.73
262,ZMB,Zambia,16853688,471302181,$27.96
263,ZWE,Zimbabwe,14236745,316234742,$22.21